{"cameraMode":{"drawMode":0,"name":"Shaded","section":"Shading Mode"},"sceneLighting":true,"audioPlay":false,"sceneViewState":{"m_AlwaysRefresh":false,"showFog":true,"showSkybox":true,"showFlares":true,"showImageEffects":true,"showParticleSystems":true,"showVisualEffectGraphs":true,"m_FxEnabled":true},"in2DMode":false,"pivot":{"x":-2.3654870986938478,"y":3.8231053352355959,"z":-3.6196553707122804},"rotation":{"x":0.021154172718524934,"y":0.7012618780136108,"z":0.020827172324061395,"w":-0.7122886180877686},"size":5.956908702850342,"orthographic":false}